{
  "greet": {
    "precision": 0.9,
    "recall": 0.7941176470588235,
    "f1-score": 0.84375,
    "support": 34,
    "confused_with": {
      "out_of_scope": 2,
      "help": 2
    }
  },
  "affirm": {
    "precision": 0.7307692307692307,
    "recall": 0.76,
    "f1-score": 0.7450980392156863,
    "support": 25,
    "confused_with": {
      "thank": 4,
      "inform": 1
    }
  },
  "deny": {
    "precision": 0.8823529411764706,
    "recall": 0.7894736842105263,
    "f1-score": 0.8333333333333333,
    "support": 19,
    "confused_with": {
      "thank": 1,
      "out_of_scope": 1
    }
  },
  "bot_challenge": {
    "precision": 0.8235294117647058,
    "recall": 1.0,
    "f1-score": 0.9032258064516129,
    "support": 28,
    "confused_with": {}
  },
  "help": {
    "precision": 0.7714285714285715,
    "recall": 0.9642857142857143,
    "f1-score": 0.8571428571428572,
    "support": 28,
    "confused_with": {
      "bot_challenge": 1
    }
  },
  "request": {
    "precision": 0.9210526315789473,
    "recall": 0.9722222222222222,
    "f1-score": 0.9459459459459458,
    "support": 36,
    "confused_with": {
      "help": 1
    }
  },
  "farewell": {
    "precision": 0.875,
    "recall": 0.8484848484848485,
    "f1-score": 0.8615384615384615,
    "support": 33,
    "confused_with": {
      "out_of_scope": 2,
      "bot_challenge": 2
    }
  },
  "thank": {
    "precision": 0.7297297297297297,
    "recall": 0.9310344827586207,
    "f1-score": 0.8181818181818181,
    "support": 29,
    "confused_with": {
      "out_of_scope": 1,
      "affirm": 1
    }
  },
  "inform": {
    "precision": 0.8888888888888888,
    "recall": 0.6666666666666666,
    "f1-score": 0.761904761904762,
    "support": 48,
    "confused_with": {
      "affirm": 4,
      "thank": 3
    }
  },
  "out_of_scope": {
    "precision": 0.6923076923076923,
    "recall": 0.5806451612903226,
    "f1-score": 0.631578947368421,
    "support": 31,
    "confused_with": {
      "request": 3,
      "help": 3
    }
  },
  "accuracy": 0.8231511254019293,
  "macro avg": {
    "precision": 0.8215059097644236,
    "recall": 0.8306930426977746,
    "f1-score": 0.8201699971082898,
    "support": 311
  },
  "weighted avg": {
    "precision": 0.8283473382900478,
    "recall": 0.8231511254019293,
    "f1-score": 0.819296073460824,
    "support": 311
  }
}